PatientID,Risk,Age,Gender,BMI,SystolicBP,DiastolicBP,Glucose,Hemoglobin,Cholesterol,Iron,Smoking,Diabetes_Prediction,Diabetes_Probability,Hypertension_Prediction,Hypertension_Probability,Obesity_Prediction,Obesity_Probability
P001,HIGH,65,1,32,150,95,180,11.0,260,50,1,1,0.995,1,0.678,1,0.666
P002,HIGH,58,1,29,145,90,160,12.5,240,60,1,1,0.986,1,0.677,0,0.009
P003,HIGH,72,0,31,155,100,170,10.8,280,45,0,1,0.984,1,0.691,1,0.655
P004,LOW,45,1,27,135,85,115,13.0,210,70,0,0,0.004,0,0.044,0,0.008
P005,LOW,38,0,26,125,80,105,12.8,200,75,0,0,0.003,0,0.035,0,0.013
P006,LOW,29,1,24,118,76,92,14.5,180,85,0,0,0.0,0,0.008,0,0.003
P007,LOW,22,0,21,110,70,88,14.0,170,90,0,0,0.001,0,0.009,0,0.001
P008,MEDIUM,50,1,30,140,88,130,13.2,220,65,1,1,0.693,0,0.16,0,0.308
P009,HIGH,60,0,33,148,92,155,11.5,250,55,1,1,0.97,1,0.694,1,0.704
P010,LOW,35,1,23,115,75,95,15.0,190,80,0,0,0.001,0,0.006,0,0.001
